{
  "accuracy": [
    0.6176753044128418,
    0.6436119079589844,
    0.7026897072792053,
    0.7156580090522766,
    0.6796349883079529,
    0.6863592863082886,
    0.7055715918540955,
    0.7233429551124573,
    0.7473583221435547,
    0.7454370856285095
  ],
  "auc": [
    0.6750292181968689,
    0.7162476778030396,
    0.766835629940033,
    0.7882924675941467,
    0.7504900097846985,
    0.749005138874054,
    0.7901044487953186,
    0.8084195852279663,
    0.8357674479484558,
    0.8209452033042908
  ],
  "loss": [
    0.8513550162315369,
    0.7970051765441895,
    0.7447932362556458,
    0.7198253273963928,
    0.7569624781608582,
    0.7585211992263794,
    0.7128252387046814,
    0.6884506344795227,
    0.6582162380218506,
    0.6720359325408936
  ],
  "precision": [
    0.7533632516860962,
    0.768577516078949,
    0.795860767364502,
    0.7949640154838562,
    0.7973387837409973,
    0.7857828736305237,
    0.8171828389167786,
    0.8212237358093262,
    0.8438095450401306,
    0.8078902363777161
  ],
  "recall": [
    0.5384615659713745,
    0.5801281929016113,
    0.6778846383094788,
    0.7083333134651184,
    0.6241987347602844,
    0.6554487347602844,
    0.6554487347602844,
    0.6883012652397156,
    0.7099359035491943,
    0.754807710647583
  ],
  "val_accuracy": [
    0.685520350933075,
    0.6583710312843323,
    0.5067873597145081,
    0.5633484125137329,
    0.5226244330406189,
    0.6357465982437134,
    0.6990950107574463,
    0.5,
    0.5995475053787231,
    0.6787330508232117
  ],
  "val_auc": [
    0.7366001605987549,
    0.7161290645599365,
    0.7099334001541138,
    0.712964653968811,
    0.6889196038246155,
    0.7481822967529297,
    0.7922171354293823,
    0.7042703032493591,
    0.7366205453872681,
    0.7688888907432556
  ],
  "val_loss": [
    0.8131780624389648,
    0.825981855392456,
    0.8856182098388672,
    0.820226788520813,
    0.8737855553627014,
    0.7570390701293945,
    0.7074239253997803,
    1.0068920850753784,
    0.8786570429801941,
    0.9003452062606812
  ],
  "val_precision": [
    0.8208954930305481,
    0.7402597665786743,
    0.5079726576805115,
    0.54347825050354,
    0.9375,
    0.6194030046463013,
    0.707207202911377,
    0.5714285969734192,
    0.7857142686843872,
    0.8373983502388
  ],
  "val_recall": [
    0.4888888895511627,
    0.5066666603088379,
    0.9911110997200012,
    0.8888888955116272,
    0.06666667014360428,
    0.7377777695655823,
    0.6977777481079102,
    0.07111111283302307,
    0.2933333218097687,
    0.4577777683734894
  ],
  "learning_rate": [
    0.0010000000474974513,
    0.0010000000474974513,
    0.0010000000474974513,
    0.0010000000474974513,
    0.0005000000237487257,
    0.0005000000237487257,
    0.0005000000237487257,
    0.0005000000237487257,
    0.0005000000237487257,
    0.0005000000237487257
  ]
}